t,1,2,3,4,5,6,7,8,9,truth,injected
0,-0.911321341673133,-0.8969943931555111,-0.8965719394193512,-0.8965598855003777,-0.8965594726804921,-0.8965594618942029,-0.8965594629261006,-0.8965594632197171,-0.8965594632665436,-0.6012683579441883,-0.6012683579441883
1,-0.887646835121554,-0.8712378341977232,-0.8706906010810034,-0.8706726540952937,-0.8706719455753142,-0.8706719178670839,-0.8706719177528102,-0.8706719179545285,-0.8706719179929717,-0.6012683579441883,-0.6012683579441883
2,-0.8167782710925173,-0.7998741113855546,-0.79928363339608,-0.7992590999035515,-0.7992577931215871,-0.7992577202381888,-0.7992577170192998,-0.7992577170235586,-0.799257717050736,-0.5189572628706343,-0.5189572628706343
3,-0.698861677643788,-0.6854741129874616,-0.6851022675808072,-0.6850909388827965,-0.6850905085863079,-0.685090498036805,-0.6850904994419162,-0.6850904997997813,-0.6850904998547722,-0.4366461677970816,-0.4366461677970816
4,-0.7200178344974328,-0.7072816214075125,-0.7070065634945644,-0.7070055689923093,-0.707005961245598,-0.707006007006993,-0.7070060116978729,-0.7070060121917625,-0.7070060122450881,-0.5189572628706343,-0.5189572628706343
5,-0.6092673644088153,-0.6025589649008536,-0.6024873345707291,-0.6024935063821707,-0.6024941657972395,-0.6024942225195422,-0.6024942277804275,-0.6024942283171267,-0.6024942283747166,-0.4366461677970816,-0.4366461677970816
6,-0.5452413878937794,-0.5443256407246049,-0.5444174151314422,-0.5444278116397459,-0.5444285258361009,-0.5444285773426419,-0.5444285818816859,-0.5444285823538569,-0.5444285824064655,-0.2720239776499763,-0.2720239776499763
7,-0.5319102641828074,-0.5309018685082745,-0.5309795434514584,-0.5309905238780593,-0.5309913208246467,-0.5309913767179234,-0.5309913811769702,-0.5309913815923757,-0.5309913816351266,-0.2720239776499763,-0.2720239776499763
8,-0.44684162019421825,-0.44198269289891395,-0.441892995537163,-0.44189355522632423,-0.4418936437378547,-0.44189364953919347,-0.44189365035197603,-0.4418936504939937,-0.4418936505155524,-0.2720239776499763,-0.2720239776499763
9,-0.39296295580765833,-0.392059519562961,-0.3921726256743311,-0.3921885031264677,-0.3921897155515507,-0.3921898009726769,-0.39218980724584573,-0.3921898077474021,-0.3921898077911278,-0.2720239776499763,-0.2720239776499763
10,-0.3311695367157012,-0.34295586042364373,-0.3435706338265614,-0.34361058208490086,-0.3436130526622492,-0.3436132050405965,-0.3436132145591554,-0.34361321516043525,-0.3436132151983591,-0.2720239776499763,-0.2720239776499763
11,-0.2991490578114568,-0.30859249111761256,-0.30909182525308293,-0.3091179639885696,-0.30911927130370787,-0.30911933955931925,-0.30911934369108357,-0.30911934400543123,-0.3091193440347112,-0.10740178750286963,-0.10740178750286963
12,-0.22474138061038698,-0.22444407729979374,-0.22457096565785611,-0.22458097217264356,-0.22458153331684164,-0.2245815657025582,-0.22458156814614974,-0.22458156839395704,-0.22458156842260604,-0.2720239776499763,-0.2720239776499763
13,-0.15656510047796335,-0.1598436433420872,-0.16004596116842587,-0.16005567859819084,-0.16005604717326682,-0.16005606111731224,-0.16005606229752406,-0.16005606248588536,-0.1600560625147852,-0.025090692429317014,-0.025090692429317014
14,-0.07410413454304353,-0.07579112317723795,-0.07601016431888862,-0.07602518819471407,-0.07602608949316396,-0.07602614555832005,-0.07602614966510457,-0.07602615003238038,-0.07602615006995994,-0.10740178750286963,-0.10740178750286963
15,-0.004742629004087344,-0.013694257808498164,-0.014136230083759282,-0.014151234743388443,-0.014151540765106996,-0.014151533305378713,-0.01415153229854348,-0.014151532307391542,-0.014151532323039095,0.057220402644235606,0.057220402644235606
16,0.13553135561364887,0.1166608490120722,0.11583793431980922,0.11580619007071888,0.11580502881865018,0.11580498492387245,0.1158049822870202,0.11580498197973249,0.11580498193698482,0.13953149771778822,0.13953149771778822
17,0.15422818876663064,0.13402469063439684,0.13318045558684868,0.13314622538976859,0.13314483059310767,0.13314476893585075,0.13314476509884526,0.1331447647188434,0.1331447646724194,0.22184259279134086,0.22184259279134086
18,0.07168829703077241,0.06285036124755586,0.062477755749003126,0.062460760299980725,0.06245993611655771,0.06245988730612146,0.06245988320046887,0.062459882754138475,0.062459882701633,0.30415368786489494,0.30415368786489494
19,0.11503922451493141,0.10023609560449254,0.09963265339824273,0.09961018688054646,0.09960939084986735,0.0996093589290271,0.09960935646053651,0.09960935613088347,0.09960935608476071,0.38646478293844755,0.38646478293844755
20,0.1906494341338078,0.17693401356370925,0.17641242017329928,0.17639814472076232,0.17639798342334664,0.17639799294738154,0.1763979926116852,0.17639799232777614,0.176397992272748,0.38646478293844755,0.38646478293844755
21,0.2063406768249041,0.1946390876394122,0.19415641977814896,0.19414171333965552,0.194141418842614,0.1941414180199926,0.19414141726881493,0.1941414170063421,0.19414141695895187,0.4687758780120002,0.4687758780120002
22,0.268938102317952,0.25849311491287635,0.25815057379173156,0.2581538706511537,0.25815514471886686,0.25815526246059994,0.2581552700232022,0.25815527030860785,0.25815527029447066,0.5510869730855528,0.5510869730855528
23,0.3925735497454856,0.37839503078504605,0.377996830702027,0.3780048009900168,0.37800664394744876,0.37800680528543984,0.37800681557316373,0.37800681598967134,0.3780068159774575,0.9626424484533174,0.9626424484533174
24,0.4200125944722608,0.4097474511052062,0.4094437275760795,0.40945390087993133,0.4094557337408597,0.409455883883562,0.4094558925497471,0.4094558927780353,0.4094558927455395,0.7980202583062121,0.7980202583062121
25,0.33735847464253294,0.3353458890496809,0.33537020649587945,0.33539458146021206,0.33539709732149103,0.3353972826433507,0.33539729314469685,0.33539729346074354,0.33539729343104413,0.7157091632326595,0.7157091632326595
26,0.4712366401615804,0.45982608341696773,0.4594247315961138,0.4594260509916044,0.45942717685583956,0.4594272750925906,0.45942728010467,0.45942728008151995,0.45942728003200106,0.8803313533797648,0.8803313533797648
27,0.4512717671547394,0.44034071036267736,0.4399617406873974,0.43995801771740073,0.4399585604844454,0.4399586146772862,0.43995861716485185,0.439958617064688,0.43995861702230155,0.6333980681591055,0.6333980681591055
28,0.46934183473764235,0.4576798816082971,0.4572335729559373,0.45722853144493153,0.4572291668328224,0.4572292396392114,0.4572292444025826,0.4572292445505906,0.4572292445342847,0.7157091632326595,0.7157091632326595
29,0.39713512281821367,0.375912376615565,0.37514953160008285,0.37512950846425536,0.3751293735685781,0.37512940480447876,0.37512940724006827,0.37512940725476046,0.3751294072308045,0.7980202583062121,0.7980202583062121
30,0.494115209614322,0.4843610167594167,0.48397859300193674,0.483971385906231,0.4839716578296765,0.4839717007124561,0.48397170359455755,0.4839717036629942,0.48397170364805836,0.4687758780120002,0.4687758780120002
31,0.8356449169949381,0.7936932941588977,0.7919632574582294,0.7918948029580527,0.7918918649710665,0.7918917138746457,0.7918917034730268,0.7918917025340132,0.7918917024361889,0.8803313533797648,0.8803313533797648
32,0.48808326799613777,0.4713392602993272,0.4707136513686909,0.47069675509314113,0.4706966388160971,0.47069666809528543,0.47069667072667914,0.4706966708176926,0.47069667080690714,0.5510869730855528,0.5510869730855528
33,0.2883813511503112,0.28467046033556714,0.2846063555597023,0.28461344421349993,0.2846144612214933,0.2846145525115073,0.28461455928944845,0.2846145597205845,0.2846145597420846,0.4687758780120002,0.4687758780120002
34,0.450782012949197,0.42908735777059365,0.4282961866095699,0.4282756092871458,0.42827545826714314,0.42827548562472617,0.4282754873741499,0.42827548729628967,0.4282754872613315,0.8803313533797648,0.8803313533797648
35,0.4195150855205946,0.41148847027482605,0.41119890248679997,0.4111951126989618,0.4111955343964084,0.41119558623748964,0.4111955898133757,0.4111955899431293,0.4111955899339254,0.38646478293844755,0.38646478293844755
36,0.44592268760654336,0.4291472235609534,0.42855606266810126,0.4285416601029804,0.42854164537946404,0.42854167429131385,0.42854167617477656,0.42854167614073846,0.42854167611365995,0.6333980681591055,0.6333980681591055
37,0.27200804201791157,0.2610951308558701,0.26073876294375364,0.2607354022191221,0.2607360202770859,0.26073608909251467,0.2607360935808259,0.2607360937161553,0.26073609369969064,0.7157091632326595,0.7157091632326595
38,0.1669631892898715,0.1911454300677192,0.19227084056474986,0.19233407000188046,0.19233810726997835,0.19233838243790122,0.19233840172431116,0.19233840309280004,0.19233840319059675,0.057220402644235606,0.057220402644235606
39,0.43562501551014055,0.42657962548269396,0.4262100007125912,0.4261960913531176,0.42619564838683277,0.4261956391921968,0.4261956390763751,0.4261956390340496,0.4261956390229585,0.38646478293844755,0.38646478293844755
40,0.2059799694621159,0.20301486463276655,0.2029135918825878,0.20291801687481395,0.20291895999066845,0.20291905975984312,0.20291906833750065,0.20291906899617473,0.20291906904243204,0.38646478293844755,0.38646478293844755
41,0.3221696531392243,0.2971095358577797,0.29625336775618766,0.2962357980493016,0.29623630096669984,0.2962364083619512,0.29623641860823646,0.29623641938729595,0.29623641943741136,1.04495354352687,1.04495354352687
42,0.37941293421643696,0.37707783068593603,0.3770979522377101,0.37710933084824505,0.3771106208564339,0.37711073509838,0.37711074433424163,0.37711074505623216,0.37711074511243403,0.4687758780120002,0.4687758780120002
43,0.4979136621972994,0.48001753678524506,0.47933209288282647,0.4793086790172329,0.47930808554733184,0.47930809351542897,0.4793080967363047,0.47930809713289674,0.47930809717391387,0.4687758780120002,0.4687758780120002
44,0.4962864458643745,0.4604324878497586,0.4589660373349012,0.4589048720480863,0.45890224617908143,0.45890213015854403,0.45890212465363056,0.4589021243446931,0.4589021243220284,0.8803313533797648,0.8803313533797648
45,0.13874493369207225,0.128539603173309,0.128256412606762,0.12824818423762777,0.12824828165477783,0.12824833416884523,0.1282483413201873,0.12824834212049027,0.1282483422049282,0.38646478293844755,0.38646478293844755
46,0.07845692549981785,0.07555618876602448,0.07551264884467758,0.07551393020524907,0.07551449290219499,0.07551457549774901,0.0755145850848871,0.0755145861082174,0.07551458621426953,0.22184259279134086,0.22184259279134086
47,0.4861264735743556,0.461903935326343,0.460946476317271,0.4609118784600905,0.46091079049785777,0.4609107748645105,0.4609107768225711,0.46091077713804907,0.4609107771725511,0.7980202583062121,0.7980202583062121
48,0.34733363667510403,0.31886817818688146,0.31759948393927556,0.31754276432325185,0.31754020624184054,0.3175400948557255,0.31754009067528954,0.31754009060799265,0.3175400906199814,0.5510869730855528,0.5510869730855528
49,0.507996334795687,0.48106111227070814,0.4799524075705641,0.47990745849300825,0.47990562945786536,0.47990555569817994,0.47990555279610625,0.47990555268749824,0.4799055526837647,0.6333980681591055,0.6333980681591055
50,0.3529496249270089,0.3214367396098662,0.3201494452333429,0.3200988240241271,0.32009698556289073,0.3200969387405299,0.3200969398821863,0.32009694024035895,0.3200969402861367,0.7157091632326595,0.7157091632326595
51,0.6086884955047308,0.5618900374717848,0.5600210770654902,0.5599473426862622,0.5599443843641291,0.5599442632632948,0.5599442579190966,0.5599442576249315,0.5599442576017386,1.2095757336739767,1.2095757336739767
52,0.30149089136530177,0.28637242718131656,0.2856282214140238,0.28559481393253433,0.2855934251810811,0.2855933812258761,0.2855933816570834,0.285593381963844,0.28559338201038714,0.38646478293844755,0.38646478293844755
53,0.5095190608320388,0.4656028006638213,0.4637387947134882,0.46365695701094883,0.46365320796422954,0.4636530335178274,0.46365302584038004,0.463653025590836,0.4636530255959491,0.9626424484533174,0.9626424484533174
54,1.9534829885584482,1.7069647715371559,1.6971408806223391,1.6967560122746599,1.6967398416664565,1.6967390788519867,1.6967390353984626,1.6967390322511733,1.6967390319709215,1.2918868287475294,6.1650084339994775
55,-0.0761044217309636,-0.08048863917619556,-0.08076680170934242,-0.08078197243306316,-0.08078240682577485,-0.08078237689146575,-0.08078236903909158,-0.08078236791604504,-0.08078236777845198,0.13953149771778822,0.13953149771778822
56,0.07330659718736486,0.05636394838946734,0.05552859125280946,0.05548259533828018,0.05548021057177273,0.055480104789164326,0.0554801025030585,0.055480102823296726,0.0554801028939361,0.38646478293844755,0.38646478293844755
57,0.5962888276921042,0.5377650598383531,0.53527278025787,0.5351650913754614,0.5351601941123735,0.5351599617606649,0.5351599505342713,0.535159950011518,0.5351599499914211,1.2095757336739767,1.2095757336739767
58,0.1636995571199889,0.15039703515962535,0.14970633348530105,0.1496745386870118,0.149673262386715,0.14967323129362894,0.14967323333651641,0.14967323384034442,0.14967323391010687,0.30415368786489494,0.30415368786489494
59,0.29836236678914424,0.2721577791450792,0.27097684952656576,0.27092223869714205,0.27091972654437296,0.27091961634509726,0.270919612316953,0.2709196122793696,0.2709196122960502,0.4687758780120002,0.4687758780120002
60,0.2596907695869496,0.23270469002927316,0.23168561679291147,0.23164708669700093,0.23164588045735984,0.23164587684881208,0.23164588194193123,0.23164588272762365,0.23164588282210294,0.6333980681591055,0.6333980681591055
61,0.45345253892502335,0.41892657906322395,0.41745773409741205,0.4173925860290698,0.41738961466452346,0.4173894770191519,0.41738947075874067,0.4173894705066563,0.4173894705014314,0.4687758780120002,0.4687758780120002
62,-0.1707737274417311,-0.1517907361598625,-0.15088424984148296,-0.15083609606383253,-0.15083297038229407,-0.1508327398086742,-0.15083272170587914,-0.15083272023204713,-0.15083272010826104,-0.2720239776499763,-0.2720239776499763
63,-0.07848334773846882,-0.04573604298803294,-0.04420156605428211,-0.044117861946101206,-0.04411262050387631,-0.04411226310888944,-0.044112237501744485,-0.044112235602564796,-0.044112235457216195,-0.2720239776499763,-0.2720239776499763
64,0.09097570342518971,0.0976869798973543,0.09807905501539788,0.09810698497495408,0.09810920172433452,0.09810938042980485,0.09810939463261475,0.09810939574810973,0.09810939583552959,0.057220402644235606,0.057220402644235606
65,0.2792008846730719,0.27411501696458807,0.2740476959486977,0.2740643010980141,0.27406640365067036,0.27406658801552597,0.27406660192746624,0.2740666028694467,0.2740666029253125,0.38646478293844755,0.38646478293844755
66,0.15719322844149686,0.1535086960463987,0.15352195332058935,0.15355106754184608,0.1535543902610274,0.15355467974660136,0.15355470232851803,0.15355470397732998,0.15355470409115757,0.4687758780120002,0.4687758780120002
67,0.019396742604315814,0.022310732376089857,0.02251986605380322,0.02254778571279808,0.02255050461676999,0.02255073307914321,0.02255075067471976,0.022550751945820693,0.022550752032066572,0.13953149771778822,0.13953149771778822
68,-0.05218208710883432,-0.04931723498332684,-0.049225598201584564,-0.04921339725689945,-0.049211967680800224,-0.049211827548254546,-0.04921181519750196,-0.04921181416953344,-0.049211814086298274,-0.1897128825764237,-0.1897128825764237
69,0.011593870250917808,-0.005534716102202752,-0.006075815348731974,-0.006081750669406381,-0.006080672661650016,-0.006080517948424656,-0.0060805024160092555,-0.0060805010095393765,-0.0060805008862267595,0.4687758780120002,0.4687758780120002
70,-0.0924543682014083,-0.08916686058067985,-0.08877991248818093,-0.08874683633759405,-0.0887441200922513,-0.088743907531526,-0.08874389157112203,-0.08874389041124738,-0.08874389032935692,0.30415368786489494,0.30415368786489494
71,-0.12995452807429272,-0.12699711135318098,-0.12677866656692136,-0.1267655314132945,-0.12676436493510151,-0.12676424881697154,-0.1267642373841082,-0.12676423627551406,-0.12676423616813112,-0.2720239776499763,-0.2720239776499763
72,-0.03358889866900956,-0.056510505435738406,-0.05724873229099189,-0.05726565773527466,-0.05726516792713547,-0.05726503689775553,-0.05726502147366002,-0.05726501993675706,-0.05726501979148063,0.30415368786489494,0.30415368786489494
73,0.25413023019567477,0.21626612929165226,0.2149005776401476,0.2148556219162681,0.21485475309474253,0.21485481842522985,0.21485483114070208,0.21485483264238037,0.2148548327997456,0.13953149771778822,0.13953149771778822
74,0.17730655845990437,0.1443791597256453,0.14310348900544997,0.14305644388837563,0.14305518327343877,0.14305521687173808,0.1430552277766761,0.1430552292329151,0.14305522939749601,-0.025090692429317014,-0.025090692429317014
75,0.4226912324557398,0.3812823401762296,0.3796155083729612,0.3795494261387777,0.3795467702250534,0.3795466632888819,0.37954665893429085,0.37954665874180316,0.37954665873069704,0.4687758780120002,0.4687758780120002
76,0.5014608897465991,0.44826177233541137,0.44596577516380403,0.4458666550495264,0.4458621081338968,0.44586188302985524,0.4458618707359153,0.4458618699770271,0.44586186992331855,0.4687758780120002,0.4687758780120002
77,0.8197860685892471,0.7428083219891348,0.7396655582082441,0.7395294593313436,0.7395232250657201,0.7395229367226486,0.7395229243061344,0.7395229239310437,0.7395229239428398,0.7157091632326595,0.7157091632326595
78,0.905535659032442,0.823447895394009,0.8199955230515176,0.8198387955638904,0.8198312778074348,0.8198309190928487,0.8198309038250974,0.8198309034673545,0.8198309035031444,-0.025090692429317014,-0.025090692429317014
79,0.930595622687505,0.8273100534943095,0.8230717456576152,0.8228819276378715,0.8228727931900676,0.8228723384238898,0.8228723162415766,0.8228723153077337,0.8228723152908017,0.6333980681591055,0.6333980681591055
80,0.9551567757730696,0.8644727168155292,0.8606074600054873,0.8604295941638079,0.8604207086368574,0.8604202428271811,0.8604202183332595,0.8604202171432038,0.8604202171016916,0.38646478293844755,0.38646478293844755
81,0.9781169984638445,0.8926010985804574,0.8889649604507415,0.8887971635561958,0.8887888668184547,0.8887884492578433,0.8887884295951527,0.88878842892456,0.8887884289397181,0.30415368786489494,0.30415368786489494
82,1.2438730813485899,1.162972105801528,1.1593463556330956,1.159172099885776,1.1591630596638334,1.1591625767871148,1.1591625519266886,1.1591625508631842,1.1591625508496521,-0.025090692429317014,-0.025090692429317014
83,1.4608189936560945,1.3227759240192127,1.3169692801518236,1.316707663904977,1.3166948219216816,1.3166941560106251,1.3166941210463128,1.31669411931939,1.3166941192537485,1.1272646386004241,1.1272646386004241
84,1.3743679717615742,1.271202612180785,1.2668516889068941,1.2666607127115277,1.2666517288262036,1.2666512969803634,1.2666512774838545,1.266651276851758,1.2666512768682503,0.7980202583062121,0.7980202583062121
85,1.6416277065436888,1.5479171623442225,1.544095306368149,1.5439438195382635,1.5439375066322036,1.543937234471474,1.5439372226399208,1.5439372221508871,1.5439372221349272,1.2095757336739767,1.2095757336739767
86,1.417340514353054,1.3443543735189425,1.341353626003967,1.3412350330722413,1.3412302050757674,1.3412300131872836,1.3412300067350011,1.3412300066816347,1.341230006705717,0.7980202583062121,0.7980202583062121
87,1.6151295976059665,1.5187223946357062,1.5147024772129805,1.5145440914923867,1.5145375560271916,1.5145372745648604,1.5145372618284134,1.51453726120573,1.5145372611707395,1.7857533991888466,1.7857533991888466
88,1.4479265211834476,1.358827291973799,1.3550861739161608,1.354934687097583,1.3549281949977383,1.3549278992525524,1.3549278848408253,1.35492788408156,1.3549278840375598,1.5388201139681887,1.5388201139681887
89,1.3918721236081613,1.3014986260074164,1.29770213474284,1.2975486968171985,1.297542151146599,1.2975418568939932,1.2975418430449288,1.2975418423709029,1.297541842337648,1.6211312090417414,1.6211312090417414
90,1.304443097246787,1.2222441782040565,1.21872666610521,1.2185814073058248,1.2185751301442858,1.2185748566303463,1.2185748456940955,1.2185748454260423,1.218574845444477,1.2095757336739767,1.2095757336739767
91,1.2000125937558022,1.118210484824875,1.1147327728392056,1.1145865743344539,1.1145800873331895,1.1145797918012743,1.1145797788515166,1.1145797784064495,1.1145797784094065,1.1272646386004241,1.1272646386004241
92,1.118772846184062,1.0439427202336737,1.0407085694292748,1.0405699933280514,1.0405636911426361,1.040563392672898,1.040563378610947,1.0405633780231127,1.0405633780105639,0.9626424484533174,0.9626424484533174
93,0.9451632714707302,0.882508829278022,0.8798056402821909,0.8796939839843139,0.879689309195802,0.8796891269079771,0.8796891222933921,0.8796891225465602,0.8796891226134759,0.7157091632326595,0.7157091632326595
94,1.031650942808394,0.9623885246361547,0.959328860523202,0.9592012915637496,0.9591958338565348,0.9591956063059915,0.9591955984409115,0.9591955984079461,0.9591955984462204,0.7157091632326595,0.7157091632326595
95,0.9817535597997231,0.9104418135015704,0.9073186577191464,0.9071861705509332,0.9071802935816226,0.9071800281508539,0.9071800167561206,0.9071800163869966,0.9071800163926289,0.8803313533797648,0.8803313533797648
96,0.8816102475363506,0.8119586197717111,0.8089707834051203,0.8088478574601898,0.8088426389322892,0.8088424167507188,0.8088424079526816,0.8088424077110573,0.8088424077193164,0.9626424484533174,0.9626424484533174
97,0.6977975292917104,0.6448383493811356,0.6425622339706488,0.6424678645876252,0.6424638449878033,0.6424636740067622,0.642463667318313,0.6424636671494747,0.6424636671584371,0.7980202583062121,0.7980202583062121
98,0.5820395629692819,0.5527293736132688,0.5513710989244325,0.5513142495665456,0.551311916648602,0.5513118325756321,0.5513118312417539,0.5513118314715191,0.5513118315150716,0.38646478293844755,0.38646478293844755
99,0.5196851003287858,0.49004195652824517,0.4887244504182951,0.4886712844271545,0.48866922160425985,0.48866915349569956,0.4886691528413233,0.48866915307038555,0.4886691531088743,0.4687758780120002,0.4687758780120002
100,0.5322344418794432,0.5026163609942094,0.5012275460506596,0.5011706019508979,0.5011683166961124,0.5011682299871429,0.5011682273692529,0.5011682273760505,0.5011682273893562,0.38646478293844755,0.38646478293844755
101,0.49726229001318023,0.4658174385905863,0.4644419616561029,0.464391371967475,0.46438978624924115,0.46438976398047077,0.46438976700610396,0.46438976750384364,0.4643897675604433,0.38646478293844755,0.38646478293844755
102,0.3813843419078736,0.35305826296238263,0.35177557488050837,0.35172313137287403,0.35172109801758555,0.3517210311793622,0.35172103041346425,0.3517210306015168,0.3517210306327964,0.38646478293844755,0.38646478293844755
103,0.2973205397519243,0.28405587229228435,0.28339754459638766,0.28337447334489735,0.2833739741177523,0.28337399348942555,0.2833739977945818,0.2833739982866109,0.28337399833592003,0.22184259279134086,0.22184259279134086
104,0.26661641612321174,0.2541354649161536,0.2535047698649573,0.25348144373455517,0.2534808457184316,0.2534808576033306,0.2534808616804061,0.25348086220343347,0.2534808622605868,0.22184259279134086,0.22184259279134086
105,0.1270849750139121,0.12018431117432174,0.11978686591683593,0.11977202237610689,0.11977174688724677,0.11977177108651572,0.11977177564761105,0.11977177619446269,0.11977177625359349,0.22184259279134086,0.22184259279134086
106,0.027746661313586617,0.03304627371311533,0.03314457460849412,0.03314988521242774,0.03315046557070116,0.033150526905949336,0.03315053299773176,0.033150533590525035,0.03315053364849969,-0.025090692429317014,-0.025090692429317014
107,0.08489308984887196,0.08223811457579178,0.08204648123698743,0.08204117268088953,0.08204133006287308,0.08204137026885366,0.08204137476002714,0.0820413751842674,0.08204137522247307,0.057220402644235606,0.057220402644235606
108,0.1400887021497904,0.12943944368805252,0.12889506270216713,0.12887460708139595,0.12887406053258996,0.12887406438119525,0.12887406676547025,0.12887406705260887,0.12887406708085786,0.22184259279134086,0.22184259279134086
109,0.13288374262312674,0.12625501640123943,0.12582218523818176,0.1258051558677756,0.12580471720684497,0.12580472598634398,0.12580472886593963,0.12580472922067132,0.12580472925785818,0.057220402644235606,0.057220402644235606
110,0.09570983498692782,0.08878330102734264,0.08837392209482221,0.08836189266414933,0.08836193890907415,0.08836198665997243,0.08836199239376286,0.08836199294255696,0.08836199299175695,0.057220402644235606,0.057220402644235606
111,-0.087485198527716,-0.088737551734497,-0.0888656822844765,-0.0888661767961801,-0.08886557356922727,-0.08886549128727747,-0.08886548276636598,-0.08886548194867919,-0.08886548187130987,-0.025090692429317014,-0.025090692429317014
112,-0.15022791020267817,-0.14040269099034758,-0.1400719005344997,-0.1400548662122367,-0.140053588108447,-0.14005347956617437,-0.14005347011632058,-0.14005346928446696,-0.14005346920992592,-0.2720239776499763,-0.2720239776499763
113,-0.06394537534949207,-0.05382736302251379,-0.05354055567416429,-0.053530374608981746,-0.05352977062581148,-0.05352972153277715,-0.053529717160653516,-0.05352971676247829,-0.053529716725592785,-0.2720239776499763,-0.2720239776499763
114,-0.18320561936827975,-0.16523234198430448,-0.16463899882696792,-0.16461230121118106,-0.16461066692720489,-0.16461054816282586,-0.16461053883570037,-0.16461053807208306,-0.16461053800737152,-0.354335072723529,-0.354335072723529
115,-1.577779839687854,-1.3806528257863597,-1.3730609805617604,-1.3727640422085379,-1.3727509214966653,-1.3727502234056579,-1.3727501764255798,-1.3727501725122129,-1.3727501721382132,-0.1897128825764237,-5.097777863172302
116,-0.2090058057043967,-0.19564035023201198,-0.19510442185865323,-0.19507487641085663,-0.19507277222865424,-0.19507260730302378,-0.1950725939612848,-0.19507259286038167,-0.1950725927673216,-0.354335072723529,-0.354335072723529
117,-0.375883794613184,-0.35664214383854054,-0.3558983585557866,-0.3558636174477823,-0.3558614759734006,-0.35586132161282563,-0.35586130959900014,-0.3558613086196702,-0.3558613085366077,-0.4366461677970816,-0.4366461677970816
118,-0.4251633302748245,-0.4003496714973806,-0.399400578135813,-0.3993593299198751,-0.39935702436977544,-0.3993568697360896,-0.39935685813680527,-0.3993568572018548,-0.3993568571222043,-0.5189572628706343,-0.5189572628706343
119,-0.277438860784105,-0.26453757375068154,-0.26407825096684767,-0.26405884623235826,-0.2640576814029873,-0.264057596367772,-0.2640575896978822,-0.26405758915985833,-0.2640575891154533,-0.2720239776499763,-0.2720239776499763
120,-0.2692729085190087,-0.26656238992996806,-0.26645228519981223,-0.26644834851244337,-0.2664479696502205,-0.266447929433667,-0.26644792563946934,-0.26644792530929673,-0.26644792528166755,-0.025090692429317014,-0.025090692429317014
121,-0.5151073151066583,-0.4890484143213198,-0.487980483687971,-0.4879367580290218,-0.4879345668789584,-0.48793443510472917,-0.4879344261211395,-0.4879344254581863,-0.48793442540639564,-0.4366461677970816,-0.4366461677970816
122,-0.4189103240839816,-0.4037313201772068,-0.4030695379628798,-0.40303893996432183,-0.403037106532865,-0.40303697807645134,-0.40303696844792297,-0.40303696770396474,-0.4030369676451529,-0.2720239776499763,-0.2720239776499763
123,-0.6731445723951976,-0.6333720307494695,-0.6317220589496341,-0.6316557268708738,-0.6316526025937013,-0.6316524275495969,-0.631652416135587,-0.63165241529845,-0.6316524152312684,-0.7658905480912935,-0.7658905480912935
124,-0.6064519162730654,-0.5762504696804315,-0.5749238918004846,-0.5748690995192385,-0.574866414241658,-0.5748662585189388,-0.5748662482913537,-0.5748662475614527,-0.5748662475061249,-0.5189572628706343,-0.5189572628706343
125,-0.5936796005910377,-0.5656645867435605,-0.5644075173391438,-0.5643557373197153,-0.564353223985397,-0.5643530807974718,-0.5643530716659385,-0.5643530710425685,-0.5643530709981472,-0.4366461677970816,-0.4366461677970816
126,-0.6663771703529884,-0.631900321507074,-0.6304112248983439,-0.6303531233591395,-0.6303505150883122,-0.6303503769421991,-0.6303503684563154,-0.6303503678713058,-0.6303503678272154,-0.6012683579441883,-0.6012683579441883
127,-0.698197457644215,-0.664497556297437,-0.6630247342225533,-0.6629650472638777,-0.6629622139433458,-0.6629620550840724,-0.6629620449104728,-0.6629620441942946,-0.6629620441401907,-0.6835794530177409,-0.6835794530177409
128,-0.7331425329099773,-0.6974107184538287,-0.6958318611198641,-0.6957637125959097,-0.6957602119652117,-0.6957600011311813,-0.6957599868837413,-0.6957599858418718,-0.6957599857609658,-0.6835794530177409,-0.6835794530177409
129,-0.7314601906061028,-0.7011969124596457,-0.69983746326037,-0.6997814174390357,-0.6997786661808351,-0.6997785048298046,-0.6997784940109636,-0.6997784932172034,-0.6997784931550589,-0.5189572628706343,-0.5189572628706343
130,-0.7724930349114857,-0.7406005795020205,-0.7391737863817296,-0.7391152094728879,-0.7391123391688429,-0.7391121698562996,-0.7391121583470197,-0.739112157486167,-0.7391121574172408,-0.6012683579441883,-0.6012683579441883
131,-0.752413357938009,-0.7147821730975134,-0.713165259074111,-0.713096818522686,-0.7130933723011114,-0.713093168059133,-0.7130931544224184,-0.713093153435594,-0.7130931533597954,-0.7658905480912935,-0.7658905480912935
132,-0.6903471575835308,-0.661635895908247,-0.6603807861319636,-0.6603290602351743,-0.6603264985276429,-0.6603263475844677,-0.6603263375040177,-0.6603263367727396,-0.6603263367163679,-0.6012683579441883,-0.6012683579441883
133,-0.7771953322533628,-0.7438482648862441,-0.7424031111044961,-0.7423451672325273,-0.742342410265823,-0.7423422527984085,-0.7423422423501127,-0.7423422415768026,-0.7423422415147066,-0.7658905480912935,-0.7658905480912935
134,-0.8094807195373507,-0.775955232920788,-0.7745090077272527,-0.774452807673122,-0.7744502276295395,-0.7744500828010344,-0.7744500730590328,-0.7744500723084875,-0.774450072244846,-0.7658905480912935,-0.7658905480912935
135,0.6311760242382294,0.478795987294831,0.47297275846338926,0.47274631511794785,0.4727367979452794,0.4727363318358664,0.47273630231766994,0.4727362998501463,0.4727362996037355,-0.8482016431648461,4.004716383155951
136,-0.951589411158153,-0.9129237815405673,-0.9112776243062902,-0.911215034358761,-0.9112122440371521,-0.9112120910246129,-0.9112120807271785,-0.9112120799128358,-0.9112120798409296,-0.8482016431648461,-0.8482016431648461
137,-0.8960688269735125,-0.8593826733125625,-0.8578424608345468,-0.8577845788199283,-0.857782049387943,-0.8577819154089832,-0.8577819067906584,-0.8577819061391553,-0.8577819060837161,-0.7658905480912935,-0.7658905480912935
138,-0.9504395527800666,-0.912905335402131,-0.9113105421638247,-0.911248269694234,-0.9112453903304587,-0.911245229428791,-0.9112452187842893,-0.911245217981913,-0.911245217915269,-0.7658905480912935,-0.7658905480912935
139,-0.9146003606472924,-0.8752650306636909,-0.8736286484845484,-0.8735648438811806,-0.8735618676372028,-0.8735616953683237,-0.873561683287105,-0.8735616823140852,-0.873561682228193,-0.9305127382383988,-0.9305127382383988
140,-0.8521094931980392,-0.8203949927342165,-0.8190583761012228,-0.8190103968526263,-0.8190083721826135,-0.8190082613016979,-0.8190082533321642,-0.8190082526395165,-0.8190082525728549,-0.7658905480912935,-0.7658905480912935
141,-0.8565253162052643,-0.8206011089325049,-0.8190999416686009,-0.8190454280026522,-0.8190431600618502,-0.8190430426810419,-0.8190430348439913,-0.8190430341985802,-0.8190430341380749,-0.7658905480912935,-0.7658905480912935
142,-0.8344296493726212,-0.803635947132837,-0.8023710757715542,-0.8023255701497058,-0.8023235971073147,-0.8023234814179893,-0.8023234724066891,-0.8023234715761397,-0.8023234714934978,-0.7658905480912935,-0.7658905480912935
143,-0.7482473187258201,-0.7171341859351901,-0.7158873244974497,-0.7158391582821834,-0.7158368385406747,-0.7158366925080574,-0.7158366811503046,-0.7158366801489092,-0.7158366800543514,-0.7658905480912935,-0.7658905480912935
144,0.9695896682903122,0.7989480313361472,0.7922864890877508,0.7920307600635698,0.792020252323522,0.792019753263721,0.7920197224801969,0.7920197199244062,0.792019719667253,-0.6835794530177409,4.378828421740373
145,-0.45977335084706616,-0.4401182270273749,-0.43941554864298416,-0.43939211475186524,-0.43939111820287063,-0.4393910561011435,-0.43939105081296437,-0.43939105029199366,-0.43939105023797353,-0.6012683579441883,-0.6012683579441883
146,-0.2605471052040592,-0.25060216983746036,-0.2503343524142718,-0.2503279016227683,-0.2503276190118652,-0.25032759019667145,-0.2503275867120163,-0.2503275863099941,-0.2503275862655415,-0.5189572628706343,-0.5189572628706343
147,-0.1887135776436908,-0.17399848514439806,-0.17354519435376306,-0.1735286495783283,-0.17352777072029188,-0.17352770284594168,-0.17352769652616062,-0.1735276958988671,-0.17352769583513433,-0.6012683579441883,-0.6012683579441883
148,-0.08841181368655444,-0.07647396541128498,-0.07619868238159046,-0.07619262572314149,-0.07619243516538442,-0.07619241634848209,-0.07619241373115328,-0.07619241339639231,-0.07619241335677257,-0.5189572628706343,-0.5189572628706343
149,0.036306456700923785,0.0433560961948602,0.04344801527260057,0.043442961542447076,0.04344238090370054,0.043442343212952504,0.04344234150584296,0.04344234149492431,0.04344234150564127,-0.4366461677970816,-0.4366461677970816
150,0.2298019016936168,0.2239663712967262,0.22356210494367923,0.22353629445349985,0.22353467132700053,0.22353456953960216,0.22353456307014702,0.22353456265113938,0.22353456262355487,-0.10740178750286963,-0.10740178750286963
151,0.3357117968708259,0.31488536821455854,0.3138573073595065,0.3138049264702218,0.3138020998588474,0.31380194354076635,0.3138019348768066,0.3138019344130396,0.3138019343910589,0.057220402644235606,0.057220402644235606
152,0.4463042573392533,0.415367824792924,0.4139104805275002,0.4138408789203206,0.41383730990251993,0.4138371168318169,0.41383710588344974,0.41383710523581513,0.41383710519604994,0.22184259279134086,0.22184259279134086
153,0.47137101673490983,0.4474931405087511,0.4463550008044787,0.4463048674469016,0.4463025301618675,0.44630241422695727,0.44630240793589393,0.44630240754668876,0.44630240751840117,0.22184259279134086,0.22184259279134086
154,0.47658394483044275,0.4643841365786588,0.4636923252192441,0.46366228189265096,0.4636609575359522,0.4636608974107872,0.4636608943902504,0.46366089419923834,0.46366089418302786,0.057220402644235606,0.057220402644235606
155,0.7244544102378471,0.6886798949940739,0.6871440448484771,0.6870828877721192,0.6870803312069306,0.6870802146557273,0.6870802082223559,0.6870802077464343,0.6870802077011302,0.5510869730855528,0.5510869730855528
156,0.6174453692180147,0.5921841300776721,0.5910716008891408,0.5910295763174723,0.5910279816223154,0.5910279188877844,0.5910279158337678,0.5910279155966821,0.591027915570228,0.4687758780120002,0.4687758780120002
157,0.6609745057419103,0.6229895194907498,0.6213297167172113,0.621258325697493,0.6212550254958584,0.621254859748185,0.6212548503916101,0.6212548497750956,0.6212548497271514,0.38646478293844755,0.38646478293844755
158,0.8217673568846303,0.7681609648093808,0.7659270755376237,0.7658367416137083,0.7658327949171703,0.7658325978154561,0.7658325855335996,0.7658325845470608,0.7658325844519757,0.9626424484533174,0.9626424484533174
159,0.7416993621126268,0.7136526520536708,0.712413319177099,0.7123618471951745,0.71235954868709,0.7123594342733218,0.7123594274783298,0.7123594269746848,0.7123594269296087,0.4687758780120002,0.4687758780120002
160,0.875856930723349,0.8233245322503328,0.8210920182033316,0.8209982786521075,0.8209940386540963,0.8209938310312925,0.8209938197020038,0.8209938189854511,0.8209938189317637,0.7980202583062121,0.7980202583062121
161,0.8441036732962376,0.7946178932326268,0.79256585782935,0.7924807012739253,0.792476902315919,0.7924767184167911,0.7924767083596475,0.792476707706287,0.7924767076549745,0.7980202583062121,0.7980202583062121
162,1.0627137670985234,1.0017719614917096,0.9992811930680573,0.9991786534303255,0.99917405353688,0.9991738250174319,0.9991738119414144,0.9991738110489694,0.9991738109765682,1.04495354352687,1.04495354352687
163,0.9353068764116174,0.8808579803197458,0.8784785168223036,0.8783751265431937,0.8783701269236542,0.8783698506559035,0.8783698327015016,0.8783698313248738,0.8783698312042191,1.1272646386004241,1.1272646386004241
164,0.7965801511064874,0.7742259249061323,0.7732512260617166,0.773215962781532,0.7732146306262669,0.7732145682417907,0.773214563472406,0.7732145629375264,0.773214562871648,0.7157091632326595,0.7157091632326595
165,0.852080701826058,0.8290038883191475,0.8280343444728079,0.8280038974788059,0.8280029860637853,0.8280029470895292,0.8280029427619957,0.8280029421092668,0.8280029420184345,0.8803313533797648,0.8803313533797648
166,0.7864069314750125,0.7558253223919671,0.7545197369419463,0.7544686550510674,0.7544663605044312,0.7544662228647502,0.7544662111437034,0.7544662099116233,0.7544662097733544,1.1272646386004241,1.1272646386004241
167,0.6496162659534136,0.6329754561464147,0.6322509430880117,0.6322212127680139,0.6322197802524412,0.6322196886700244,0.6322196806559062,0.6322196798142704,0.6322196797206103,0.7157091632326595,0.7157091632326595
168,0.6513830279822486,0.6365833071639965,0.6359097204569579,0.6358816739633478,0.6358803115259714,0.6358802228026543,0.6358802148702529,0.6358802140262432,0.6358802139317975,0.7980202583062121,0.7980202583062121
169,0.6185349088238633,0.6020633273973254,0.6012582593925676,0.6012174622507467,0.6012150849850905,0.601214925501925,0.6012149132460035,0.6012149121932243,0.6012149120953982,0.7157091632326595,0.7157091632326595
170,0.7952035635494054,0.7727819983361207,0.7718506558584712,0.771813111626271,0.7718112377150919,0.7718111086792175,0.7718110969144522,0.771811095683736,0.771811095549582,1.2095757336739767,1.2095757336739767
171,0.6637378924448937,0.6408647633150895,0.6398839962683707,0.6398425990216006,0.6398405850026896,0.6398404659979458,0.6398404571641221,0.6398404563739852,0.6398404562953037,1.04495354352687,1.04495354352687
172,0.7987789132391644,0.7682263790087359,0.7668509205921531,0.7667875591876326,0.7667842168610414,0.7667840131017808,0.7667839988358818,0.76678399771334,0.7667839976167602,0.9626424484533174,0.9626424484533174
173,0.9001442899080461,0.8489977257158678,0.8467253097710834,0.8466212458088166,0.8466158420670322,0.8466155200474167,0.8466154980236533,0.8466154963208382,0.8466154961756677,1.2918868287475294,1.2918868287475294
174,0.8320176426085619,0.7928091923508506,0.7911874081140479,0.7911192929837979,0.7911160388351568,0.791115855472573,0.7911158430125351,0.7911158420110641,0.7911158419204014,1.374197923821082,1.374197923821082
175,1.0299055182613202,0.9751683552584842,0.972856975534435,0.9727559910163205,0.9727509223926899,0.9727506233031368,0.9727506025236321,0.9727506008658119,0.972750600719502,1.703442304115294,1.703442304115294
176,0.6754142662817403,0.6501600249209538,0.649125066724128,0.6490757542639736,0.6490729901853161,0.6490728157573673,0.6490728038535761,0.6490728030002075,0.6490728029369647,1.2095757336739767,1.2095757336739767
177,0.7503227690006039,0.7424072313032389,0.7421223652950188,0.7421053654604887,0.7421040259550147,0.7421039091443272,0.7421038986810358,0.7421038977353459,0.742103897648995,1.04495354352687,1.04495354352687
178,0.8373244421944449,0.8050221608594811,0.8036521007738832,0.803576562466983,0.803571700412016,0.8035713515294438,0.803571324588545,0.803571322395501,0.8035713222091365,1.2918868287475294,1.2918868287475294
179,0.8714385538976267,0.8536678799055627,0.852991599077364,0.8529579811680861,0.8529557744692344,0.85295559718255,0.852955581435889,0.8529555799728742,0.8529555798334998,1.4565090188946346,1.4565090188946346
180,0.9909087760124367,0.9695958894022424,0.9686877449882811,0.9686378845138948,0.9686345836097497,0.9686343378312241,0.9686343182655575,0.9686343166416155,0.96863431650232,1.2095757336739767,1.2095757336739767
181,0.6342125317368992,0.6162010842926364,0.615397970600247,0.6153579847081886,0.615355633026397,0.6153554717668446,0.615355459346034,0.6153554583095512,0.6153554582180829,1.1272646386004241,1.1272646386004241
182,0.9193281880725164,0.910470001524115,0.9102501402575394,0.9102507070778404,0.9102510865853293,0.9102511048832307,0.9102511040310199,0.9102511037200939,0.910251103671948,1.2095757336739767,1.2095757336739767
183,0.5885278159255034,0.5796508950139087,0.5794630917139544,0.5794612647580668,0.579461372726583,0.579461370761839,0.5794613686260834,0.5794613682480627,0.5794613681979762,1.04495354352687,1.04495354352687
184,0.42568556033555227,0.40891951289378886,0.40836119335487636,0.4083386171482854,0.4083376495901101,0.4083376125774423,0.4083376121824436,0.4083376123589828,0.4083376123925511,1.04495354352687,1.04495354352687
185,0.9039244925267019,0.8397579742530601,0.8369368710024038,0.8368019432824364,0.8367946824905523,0.836794247746624,0.8367942192905868,0.8367942172882942,0.8367942171385853,1.2918868287475294,1.2918868287475294
186,0.7251978009003017,0.6639022544047268,0.6614238665199061,0.6613147974074381,0.6613094990413255,0.6613092199970562,0.6613092045152483,0.6613092036472782,0.6613092036011535,1.6211312090417414,1.6211312090417414
187,1.010076032797672,0.9425093293795065,0.9397089043997886,0.9395854934632774,0.9395794336918811,0.9395791008328389,0.9395790803465399,0.9395790789417524,0.9395790788356124,1.374197923821082,1.374197923821082
188,1.0838501996961678,1.0215984633416932,1.019220696044886,1.0191291616299791,1.0191253768320654,1.0191252013887264,1.0191251916627917,1.0191251909911514,1.0191251909349406,1.703442304115294,1.703442304115294
189,0.8706375332290727,0.8333993825915966,0.8319523997251498,0.8318960078337041,0.8318937189981954,0.8318936281619135,0.8318936253719527,0.8318936254185184,0.8318936254424641,1.374197923821082,1.374197923821082
190,0.8843481844670548,0.8616689308321956,0.8607661388223039,0.8607237956029276,0.8607215464143003,0.8607214212855164,0.86072141465055,0.8607214143769665,0.8607214143775286,1.4565090188946346,1.4565090188946346
191,0.8182147421990759,0.7945161784556172,0.7936555038932236,0.7936234845524166,0.7936222768552084,0.793622240463539,0.7936222409186535,0.7936222411954686,0.7936222412382332,1.7857533991888466,1.7857533991888466
192,0.7660715324563903,0.7315187066815557,0.7302258886726994,0.7301786756750477,0.730177052308972,0.7301770246626433,0.7301770286322722,0.7301770294189818,0.7301770295235072,1.8680644942623992,1.8680644942623992
193,0.6734879535437427,0.6456101530173788,0.6446940929549628,0.644666346680492,0.6446658287833132,0.6446658687043937,0.6446658770855289,0.6446658781801985,0.6446658783077873,1.7857533991888466,1.7857533991888466
194,0.7731732488092828,0.7468248524163603,0.7458695616651602,0.7458373629458763,0.7458363943565952,0.7458363874824364,0.7458363911270651,0.7458363917522149,0.7458363918335851,1.703442304115294,1.703442304115294
195,0.9611113262491068,0.9338579334862445,0.9328319716728048,0.9327935565037061,0.9327919934162205,0.9327919249410578,0.9327919218614947,0.9327919217404465,0.9327919217392029,1.703442304115294,1.703442304115294
196,0.542859329285782,0.5593545065996376,0.5601055772508401,0.5601367299118497,0.5601380986120398,0.5601381723464962,0.5601381780251532,0.5601381786133282,0.5601381786815476,0.8803313533797648,0.8803313533797648
197,0.7349665980026941,0.7397358635509949,0.7401058030000469,0.7401332977145287,0.7401352343871107,0.7401353709378075,0.7401353807968679,0.740135381538717,0.7401353815975893,1.2095757336739767,1.2095757336739767
198,0.657376750831652,0.6780783784180502,0.6789612188133847,0.6790038111216588,0.679005985954702,0.6790060998859718,0.679006105790371,0.6790061060759631,0.679006106086964,0.9626424484533174,0.9626424484533174
199,0.8254492389082874,0.835151570037818,0.8356292039422554,0.8356647135222715,0.8356671298076834,0.8356672830912034,0.8356672920968713,0.8356672925583019,0.835667292574018,1.5388201139681887,1.5388201139681887
